{
  "weeks": [
    {
      "week_start": "2023-12-31",
      "week_end": "2024-01-06",
      "unit": "tickets",
      "days": [
        {
          "date": "2023-12-31",
          "weekday": "Sunday",
          "tickets": 0
        },
        {
          "date": "2024-01-01",
          "weekday": "Monday",
          "tickets": 0
        },
        {
          "date": "2024-01-02",
          "weekday": "Tuesday",
          "tickets": 0
        },
        {
          "date": "2024-01-03",
          "weekday": "Wednesday",
          "tickets": 0
        },
        {
          "date": "2024-01-04",
          "weekday": "Thursday",
          "tickets": 63
        },
        {
          "date": "2024-01-05",
          "weekday": "Friday",
          "tickets": 0
        },
        {
          "date": "2024-01-06",
          "weekday": "Saturday",
          "tickets": 95
        }
      ]
    },
    {
      "week_start": "2024-01-07",
      "week_end": "2024-01-13",
      "unit": "tickets",
      "days": [
        {
          "date": "2024-01-07",
          "weekday": "Sunday",
          "tickets": 0
        },
        {
          "date": "2024-01-08",
          "weekday": "Monday",
          "tickets": 0
        },
        {
          "date": "2024-01-09",
          "weekday": "Tuesday",
          "tickets": 0
        },
        {
          "date": "2024-01-10",
          "weekday": "Wednesday",
          "tickets": 0
        },
        {
          "date": "2024-01-11",
          "weekday": "Thursday",
          "tickets": 0
        },
        {
          "date": "2024-01-12",
          "weekday": "Friday",
          "tickets": 0
        },
        {
          "date": "2024-01-13",
          "weekday": "Saturday",
          "tickets": 0
        }
      ]
    },
    {
      "week_start": "2024-01-14",
      "week_end": "2024-01-20",
      "unit": "tickets",
      "days": [
        {
          "date": "2024-01-14",
          "weekday": "Sunday",
          "tickets": 0
        },
        {
          "date": "2024-01-15",
          "weekday": "Monday",
          "tickets": 0
        },
        {
          "date": "2024-01-16",
          "weekday": "Tuesday",
          "tickets": 0
        },
        {
          "date": "2024-01-17",
          "weekday": "Wednesday",
          "tickets": 0
        },
        {
          "date": "2024-01-18",
          "weekday": "Thursday",
          "tickets": 0
        },
        {
          "date": "2024-01-19",
          "weekday": "Friday",
          "tickets": 0
        },
        {
          "date": "2024-01-20",
          "weekday": "Saturday",
          "tickets": 0
        }
      ]
    },
    {
      "week_start": "2024-01-21",
      "week_end": "2024-01-27",
      "unit": "tickets",
      "days": [
        {
          "date": "2024-01-21",
          "weekday": "Sunday",
          "tickets": 0
        },
        {
          "date": "2024-01-22",
          "weekday": "Monday",
          "tickets": 0
        },
        {
          "date": "2024-01-23",
          "weekday": "Tuesday",
          "tickets": 0
        },
        {
          "date": "2024-01-24",
          "weekday": "Wednesday",
          "tickets": 29
        },
        {
          "date": "2024-01-25",
          "weekday": "Thursday",
          "tickets": 0
        },
        {
          "date": "2024-01-26",
          "weekday": "Friday",
          "tickets": 0
        },
        {
          "date": "2024-01-27",
          "weekday": "Saturday",
          "tickets": 0
        }
      ]
    },
    {
      "week_start": "2024-01-28",
      "week_end": "2024-02-03",
      "unit": "tickets",
      "days": [
        {
          "date": "2024-01-28",
          "weekday": "Sunday",
          "tickets": 0
        },
        {
          "date": "2024-01-29",
          "weekday": "Monday",
          "tickets": 0
        },
        {
          "date": "2024-01-30",
          "weekday": "Tuesday",
          "tickets": 98
        },
        {
          "date": "2024-01-31",
          "weekday": "Wednesday",
          "tickets": 0
        },
        {
          "date": "2024-02-01",
          "weekday": "Thursday",
          "tickets": 0
        },
        {
          "date": "2024-02-02",
          "weekday": "Friday",
          "tickets": 0
        },
        {
          "date": "2024-02-03",
          "weekday": "Saturday",
          "tickets": 0
        }
      ]
    },
    {
      "week_start": "2024-02-04",
      "week_end": "2024-02-10",
      "unit": "tickets",
      "days": [
        {
          "date": "2024-02-04",
          "weekday": "Sunday",
          "tickets": 0
        },
        {
          "date": "2024-02-05",
          "weekday": "Monday",
          "tickets": 33
        },
        {
          "date": "2024-02-06",
          "weekday": "Tuesday",
          "tickets": 0
        },
        {
          "date": "2024-02-07",
          "weekday": "Wednesday",
          "tickets": 81
        },
        {
          "date": "2024-02-08",
          "weekday": "Thursday",
          "tickets": 0
        },
        {
          "date": "2024-02-09",
          "weekday": "Friday",
          "tickets": 0
        },
        {
          "date": "2024-02-10",
          "weekday": "Saturday",
          "tickets": 0
        }
      ]
    },
    {
      "week_start": "2024-02-11",
      "week_end": "2024-02-17",
      "unit": "tickets",
      "days": [
        {
          "date": "2024-02-11",
          "weekday": "Sunday",
          "tickets": 0
        },
        {
          "date": "2024-02-12",
          "weekday": "Monday",
          "tickets": 0
        },
        {
          "date": "2024-02-13",
          "weekday": "Tuesday",
          "tickets": 0
        },
        {
          "date": "2024-02-14",
          "weekday": "Wednesday",
          "tickets": 0
        },
        {
          "date": "2024-02-15",
          "weekday": "Thursday",
          "tickets": 0
        },
        {
          "date": "2024-02-16",
          "weekday": "Friday",
          "tickets": 0
        },
        {
          "date": "2024-02-17",
          "weekday": "Saturday",
          "tickets": 0
        }
      ]
    },
    {
      "week_start": "2024-02-18",
      "week_end": "2024-02-24",
      "unit": "tickets",
      "days": [
        {
          "date": "2024-02-18",
          "weekday": "Sunday",
          "tickets": 74
        },
        {
          "date": "2024-02-19",
          "weekday": "Monday",
          "tickets": 104
        },
        {
          "date": "2024-02-20",
          "weekday": "Tuesday",
          "tickets": 22
        },
        {
          "date": "2024-02-21",
          "weekday": "Wednesday",
          "tickets": 0
        },
        {
          "date": "2024-02-22",
          "weekday": "Thursday",
          "tickets": 0
        },
        {
          "date": "2024-02-23",
          "weekday": "Friday",
          "tickets": 0
        },
        {
          "date": "2024-02-24",
          "weekday": "Saturday",
          "tickets": 0
        }
      ]
    },
    {
      "week_start": "2024-02-25",
      "week_end": "2024-03-02",
      "unit": "tickets",
      "days": [
        {
          "date": "2024-02-25",
          "weekday": "Sunday",
          "tickets": 0
        },
        {
          "date": "2024-02-26",
          "weekday": "Monday",
          "tickets": 0
        },
        {
          "date": "2024-02-27",
          "weekday": "Tuesday",
          "tickets": 0
        },
        {
          "date": "2024-02-28",
          "weekday": "Wednesday",
          "tickets": 0
        },
        {
          "date": "2024-02-29",
          "weekday": "Thursday",
          "tickets": 0
        },
        {
          "date": "2024-03-01",
          "weekday": "Friday",
          "tickets": 0
        },
        {
          "date": "2024-03-02",
          "weekday": "Saturday",
          "tickets": 54
        }
      ]
    },
    {
      "week_start": "2024-03-03",
      "week_end": "2024-03-09",
      "unit": "tickets",
      "days": [
        {
          "date": "2024-03-03",
          "weekday": "Sunday",
          "tickets": 0
        },
        {
          "date": "2024-03-04",
          "weekday": "Monday",
          "tickets": 0
        },
        {
          "date": "2024-03-05",
          "weekday": "Tuesday",
          "tickets": 0
        },
        {
          "date": "2024-03-06",
          "weekday": "Wednesday",
          "tickets": 0
        },
        {
          "date": "2024-03-07",
          "weekday": "Thursday",
          "tickets": 65
        },
        {
          "date": "2024-03-08",
          "weekday": "Friday",
          "tickets": 0
        },
        {
          "date": "2024-03-09",
          "weekday": "Saturday",
          "tickets": 0
        }
      ]
    },
    {
      "week_start": "2024-03-10",
      "week_end": "2024-03-16",
      "unit": "tickets",
      "days": [
        {
          "date": "2024-03-10",
          "weekday": "Sunday",
          "tickets": 0
        },
        {
          "date": "2024-03-11",
          "weekday": "Monday",
          "tickets": 0
        },
        {
          "date": "2024-03-12",
          "weekday": "Tuesday",
          "tickets": 76
        },
        {
          "date": "2024-03-13",
          "weekday": "Wednesday",
          "tickets": 0
        },
        {
          "date": "2024-03-14",
          "weekday": "Thursday",
          "tickets": 0
        },
        {
          "date": "2024-03-15",
          "weekday": "Friday",
          "tickets": 0
        },
        {
          "date": "2024-03-16",
          "weekday": "Saturday",
          "tickets": 0
        }
      ]
    },
    {
      "week_start": "2024-03-17",
      "week_end": "2024-03-23",
      "unit": "tickets",
      "days": [
        {
          "date": "2024-03-17",
          "weekday": "Sunday",
          "tickets": 0
        },
        {
          "date": "2024-03-18",
          "weekday": "Monday",
          "tickets": 86
        },
        {
          "date": "2024-03-19",
          "weekday": "Tuesday",
          "tickets": 0
        },
        {
          "date": "2024-03-20",
          "weekday": "Wednesday",
          "tickets": 84
        },
        {
          "date": "2024-03-21",
          "weekday": "Thursday",
          "tickets": 0
        },
        {
          "date": "2024-03-22",
          "weekday": "Friday",
          "tickets": 0
        },
        {
          "date": "2024-03-23",
          "weekday": "Saturday",
          "tickets": 36
        }
      ]
    },
    {
      "week_start": "2024-03-24",
      "week_end": "2024-03-30",
      "unit": "tickets",
      "days": [
        {
          "date": "2024-03-24",
          "weekday": "Sunday",
          "tickets": 71
        },
        {
          "date": "2024-03-25",
          "weekday": "Monday",
          "tickets": 0
        },
        {
          "date": "2024-03-26",
          "weekday": "Tuesday",
          "tickets": 0
        },
        {
          "date": "2024-03-27",
          "weekday": "Wednesday",
          "tickets": 0
        },
        {
          "date": "2024-03-28",
          "weekday": "Thursday",
          "tickets": 0
        },
        {
          "date": "2024-03-29",
          "weekday": "Friday",
          "tickets": 0
        },
        {
          "date": "2024-03-30",
          "weekday": "Saturday",
          "tickets": 0
        }
      ]
    },
    {
      "week_start": "2024-03-31",
      "week_end": "2024-04-06",
      "unit": "tickets",
      "days": [
        {
          "date": "2024-03-31",
          "weekday": "Sunday",
          "tickets": 0
        },
        {
          "date": "2024-04-01",
          "weekday": "Monday",
          "tickets": 0
        },
        {
          "date": "2024-04-02",
          "weekday": "Tuesday",
          "tickets": 0
        },
        {
          "date": "2024-04-03",
          "weekday": "Wednesday",
          "tickets": 0
        },
        {
          "date": "2024-04-04",
          "weekday": "Thursday",
          "tickets": 0
        },
        {
          "date": "2024-04-05",
          "weekday": "Friday",
          "tickets": 0
        },
        {
          "date": "2024-04-06",
          "weekday": "Saturday",
          "tickets": 0
        }
      ]
    },
    {
      "week_start": "2024-04-07",
      "week_end": "2024-04-13",
      "unit": "tickets",
      "days": [
        {
          "date": "2024-04-07",
          "weekday": "Sunday",
          "tickets": 0
        },
        {
          "date": "2024-04-08",
          "weekday": "Monday",
          "tickets": 0
        },
        {
          "date": "2024-04-09",
          "weekday": "Tuesday",
          "tickets": 81
        },
        {
          "date": "2024-04-10",
          "weekday": "Wednesday",
          "tickets": 0
        },
        {
          "date": "2024-04-11",
          "weekday": "Thursday",
          "tickets": 81
        },
        {
          "date": "2024-04-12",
          "weekday": "Friday",
          "tickets": 0
        },
        {
          "date": "2024-04-13",
          "weekday": "Saturday",
          "tickets": 0
        }
      ]
    },
    {
      "week_start": "2024-04-14",
      "week_end": "2024-04-20",
      "unit": "tickets",
      "days": [
        {
          "date": "2024-04-14",
          "weekday": "Sunday",
          "tickets": 0
        },
        {
          "date": "2024-04-15",
          "weekday": "Monday",
          "tickets": 0
        },
        {
          "date": "2024-04-16",
          "weekday": "Tuesday",
          "tickets": 0
        },
        {
          "date": "2024-04-17",
          "weekday": "Wednesday",
          "tickets": 0
        },
        {
          "date": "2024-04-18",
          "weekday": "Thursday",
          "tickets": 0
        },
        {
          "date": "2024-04-19",
          "weekday": "Friday",
          "tickets": 0
        },
        {
          "date": "2024-04-20",
          "weekday": "Saturday",
          "tickets": 0
        }
      ]
    },
    {
      "week_start": "2024-04-21",
      "week_end": "2024-04-27",
      "unit": "tickets",
      "days": [
        {
          "date": "2024-04-21",
          "weekday": "Sunday",
          "tickets": 0
        },
        {
          "date": "2024-04-22",
          "weekday": "Monday",
          "tickets": 0
        },
        {
          "date": "2024-04-23",
          "weekday": "Tuesday",
          "tickets": 0
        },
        {
          "date": "2024-04-24",
          "weekday": "Wednesday",
          "tickets": 58
        },
        {
          "date": "2024-04-25",
          "weekday": "Thursday",
          "tickets": 0
        },
        {
          "date": "2024-04-26",
          "weekday": "Friday",
          "tickets": 0
        },
        {
          "date": "2024-04-27",
          "weekday": "Saturday",
          "tickets": 0
        }
      ]
    },
    {
      "week_start": "2024-04-28",
      "week_end": "2024-05-04",
      "unit": "tickets",
      "days": [
        {
          "date": "2024-04-28",
          "weekday": "Sunday",
          "tickets": 0
        },
        {
          "date": "2024-04-29",
          "weekday": "Monday",
          "tickets": 0
        },
        {
          "date": "2024-04-30",
          "weekday": "Tuesday",
          "tickets": 0
        },
        {
          "date": "2024-05-01",
          "weekday": "Wednesday",
          "tickets": 0
        },
        {
          "date": "2024-05-02",
          "weekday": "Thursday",
          "tickets": 0
        },
        {
          "date": "2024-05-03",
          "weekday": "Friday",
          "tickets": 0
        },
        {
          "date": "2024-05-04",
          "weekday": "Saturday",
          "tickets": 64
        }
      ]
    },
    {
      "week_start": "2024-05-05",
      "week_end": "2024-05-11",
      "unit": "tickets",
      "days": [
        {
          "date": "2024-05-05",
          "weekday": "Sunday",
          "tickets": 0
        },
        {
          "date": "2024-05-06",
          "weekday": "Monday",
          "tickets": 0
        },
        {
          "date": "2024-05-07",
          "weekday": "Tuesday",
          "tickets": 0
        },
        {
          "date": "2024-05-08",
          "weekday": "Wednesday",
          "tickets": 87
        },
        {
          "date": "2024-05-09",
          "weekday": "Thursday",
          "tickets": 0
        },
        {
          "date": "2024-05-10",
          "weekday": "Friday",
          "tickets": 0
        },
        {
          "date": "2024-05-11",
          "weekday": "Saturday",
          "tickets": 0
        }
      ]
    },
    {
      "week_start": "2024-05-12",
      "week_end": "2024-05-18",
      "unit": "tickets",
      "days": [
        {
          "date": "2024-05-12",
          "weekday": "Sunday",
          "tickets": 0
        },
        {
          "date": "2024-05-13",
          "weekday": "Monday",
          "tickets": 80
        },
        {
          "date": "2024-05-14",
          "weekday": "Tuesday",
          "tickets": 0
        },
        {
          "date": "2024-05-15",
          "weekday": "Wednesday",
          "tickets": 0
        },
        {
          "date": "2024-05-16",
          "weekday": "Thursday",
          "tickets": 0
        },
        {
          "date": "2024-05-17",
          "weekday": "Friday",
          "tickets": 0
        },
        {
          "date": "2024-05-18",
          "weekday": "Saturday",
          "tickets": 0
        }
      ]
    },
    {
      "week_start": "2024-05-19",
      "week_end": "2024-05-25",
      "unit": "tickets",
      "days": [
        {
          "date": "2024-05-19",
          "weekday": "Sunday",
          "tickets": 102
        },
        {
          "date": "2024-05-20",
          "weekday": "Monday",
          "tickets": 0
        },
        {
          "date": "2024-05-21",
          "weekday": "Tuesday",
          "tickets": 0
        },
        {
          "date": "2024-05-22",
          "weekday": "Wednesday",
          "tickets": 16
        },
        {
          "date": "2024-05-23",
          "weekday": "Thursday",
          "tickets": 45
        },
        {
          "date": "2024-05-24",
          "weekday": "Friday",
          "tickets": 0
        },
        {
          "date": "2024-05-25",
          "weekday": "Saturday",
          "tickets": 0
        }
      ]
    },
    {
      "week_start": "2024-05-26",
      "week_end": "2024-06-01",
      "unit": "tickets",
      "days": [
        {
          "date": "2024-05-26",
          "weekday": "Sunday",
          "tickets": 0
        },
        {
          "date": "2024-05-27",
          "weekday": "Monday",
          "tickets": 15
        },
        {
          "date": "2024-05-28",
          "weekday": "Tuesday",
          "tickets": 0
        },
        {
          "date": "2024-05-29",
          "weekday": "Wednesday",
          "tickets": 0
        },
        {
          "date": "2024-05-30",
          "weekday": "Thursday",
          "tickets": 0
        },
        {
          "date": "2024-05-31",
          "weekday": "Friday",
          "tickets": 0
        },
        {
          "date": "2024-06-01",
          "weekday": "Saturday",
          "tickets": 0
        }
      ]
    },
    {
      "week_start": "2024-06-02",
      "week_end": "2024-06-08",
      "unit": "tickets",
      "days": [
        {
          "date": "2024-06-02",
          "weekday": "Sunday",
          "tickets": 0
        },
        {
          "date": "2024-06-03",
          "weekday": "Monday",
          "tickets": 0
        },
        {
          "date": "2024-06-04",
          "weekday": "Tuesday",
          "tickets": 0
        },
        {
          "date": "2024-06-05",
          "weekday": "Wednesday",
          "tickets": 0
        },
        {
          "date": "2024-06-06",
          "weekday": "Thursday",
          "tickets": 0
        },
        {
          "date": "2024-06-07",
          "weekday": "Friday",
          "tickets": 40
        },
        {
          "date": "2024-06-08",
          "weekday": "Saturday",
          "tickets": 0
        }
      ]
    },
    {
      "week_start": "2024-06-09",
      "week_end": "2024-06-15",
      "unit": "tickets",
      "days": [
        {
          "date": "2024-06-09",
          "weekday": "Sunday",
          "tickets": 0
        },
        {
          "date": "2024-06-10",
          "weekday": "Monday",
          "tickets": 0
        },
        {
          "date": "2024-06-11",
          "weekday": "Tuesday",
          "tickets": 0
        },
        {
          "date": "2024-06-12",
          "weekday": "Wednesday",
          "tickets": 0
        },
        {
          "date": "2024-06-13",
          "weekday": "Thursday",
          "tickets": 23
        },
        {
          "date": "2024-06-14",
          "weekday": "Friday",
          "tickets": 0
        },
        {
          "date": "2024-06-15",
          "weekday": "Saturday",
          "tickets": 0
        }
      ]
    },
    {
      "week_start": "2024-06-16",
      "week_end": "2024-06-22",
      "unit": "tickets",
      "days": [
        {
          "date": "2024-06-16",
          "weekday": "Sunday",
          "tickets": 0
        },
        {
          "date": "2024-06-17",
          "weekday": "Monday",
          "tickets": 0
        },
        {
          "date": "2024-06-18",
          "weekday": "Tuesday",
          "tickets": 0
        },
        {
          "date": "2024-06-19",
          "weekday": "Wednesday",
          "tickets": 59
        },
        {
          "date": "2024-06-20",
          "weekday": "Thursday",
          "tickets": 0
        },
        {
          "date": "2024-06-21",
          "weekday": "Friday",
          "tickets": 0
        },
        {
          "date": "2024-06-22",
          "weekday": "Saturday",
          "tickets": 152
        }
      ]
    },
    {
      "week_start": "2024-06-23",
      "week_end": "2024-06-29",
      "unit": "tickets",
      "days": [
        {
          "date": "2024-06-23",
          "weekday": "Sunday",
          "tickets": 0
        },
        {
          "date": "2024-06-24",
          "weekday": "Monday",
          "tickets": 41
        },
        {
          "date": "2024-06-25",
          "weekday": "Tuesday",
          "tickets": 0
        },
        {
          "date": "2024-06-26",
          "weekday": "Wednesday",
          "tickets": 0
        },
        {
          "date": "2024-06-27",
          "weekday": "Thursday",
          "tickets": 0
        },
        {
          "date": "2024-06-28",
          "weekday": "Friday",
          "tickets": 79
        },
        {
          "date": "2024-06-29",
          "weekday": "Saturday",
          "tickets": 0
        }
      ]
    },
    {
      "week_start": "2024-06-30",
      "week_end": "2024-07-06",
      "unit": "tickets",
      "days": [
        {
          "date": "2024-06-30",
          "weekday": "Sunday",
          "tickets": 0
        },
        {
          "date": "2024-07-01",
          "weekday": "Monday",
          "tickets": 0
        },
        {
          "date": "2024-07-02",
          "weekday": "Tuesday",
          "tickets": 0
        },
        {
          "date": "2024-07-03",
          "weekday": "Wednesday",
          "tickets": 0
        },
        {
          "date": "2024-07-04",
          "weekday": "Thursday",
          "tickets": 0
        },
        {
          "date": "2024-07-05",
          "weekday": "Friday",
          "tickets": 0
        },
        {
          "date": "2024-07-06",
          "weekday": "Saturday",
          "tickets": 0
        }
      ]
    },
    {
      "week_start": "2024-07-07",
      "week_end": "2024-07-13",
      "unit": "tickets",
      "days": [
        {
          "date": "2024-07-07",
          "weekday": "Sunday",
          "tickets": 37
        },
        {
          "date": "2024-07-08",
          "weekday": "Monday",
          "tickets": 0
        },
        {
          "date": "2024-07-09",
          "weekday": "Tuesday",
          "tickets": 0
        },
        {
          "date": "2024-07-10",
          "weekday": "Wednesday",
          "tickets": 0
        },
        {
          "date": "2024-07-11",
          "weekday": "Thursday",
          "tickets": 0
        },
        {
          "date": "2024-07-12",
          "weekday": "Friday",
          "tickets": 0
        },
        {
          "date": "2024-07-13",
          "weekday": "Saturday",
          "tickets": 0
        }
      ]
    },
    {
      "week_start": "2024-07-14",
      "week_end": "2024-07-20",
      "unit": "tickets",
      "days": [
        {
          "date": "2024-07-14",
          "weekday": "Sunday",
          "tickets": 0
        },
        {
          "date": "2024-07-15",
          "weekday": "Monday",
          "tickets": 0
        },
        {
          "date": "2024-07-16",
          "weekday": "Tuesday",
          "tickets": 0
        },
        {
          "date": "2024-07-17",
          "weekday": "Wednesday",
          "tickets": 0
        },
        {
          "date": "2024-07-18",
          "weekday": "Thursday",
          "tickets": 45
        },
        {
          "date": "2024-07-19",
          "weekday": "Friday",
          "tickets": 0
        },
        {
          "date": "2024-07-20",
          "weekday": "Saturday",
          "tickets": 0
        }
      ]
    },
    {
      "week_start": "2024-07-21",
      "week_end": "2024-07-27",
      "unit": "tickets",
      "days": [
        {
          "date": "2024-07-21",
          "weekday": "Sunday",
          "tickets": 0
        },
        {
          "date": "2024-07-22",
          "weekday": "Monday",
          "tickets": 0
        },
        {
          "date": "2024-07-23",
          "weekday": "Tuesday",
          "tickets": 0
        },
        {
          "date": "2024-07-24",
          "weekday": "Wednesday",
          "tickets": 0
        },
        {
          "date": "2024-07-25",
          "weekday": "Thursday",
          "tickets": 0
        },
        {
          "date": "2024-07-26",
          "weekday": "Friday",
          "tickets": 0
        },
        {
          "date": "2024-07-27",
          "weekday": "Saturday",
          "tickets": 0
        }
      ]
    },
    {
      "week_start": "2024-07-28",
      "week_end": "2024-08-03",
      "unit": "tickets",
      "days": [
        {
          "date": "2024-07-28",
          "weekday": "Sunday",
          "tickets": 0
        },
        {
          "date": "2024-07-29",
          "weekday": "Monday",
          "tickets": 0
        },
        {
          "date": "2024-07-30",
          "weekday": "Tuesday",
          "tickets": 0
        },
        {
          "date": "2024-07-31",
          "weekday": "Wednesday",
          "tickets": 0
        },
        {
          "date": "2024-08-01",
          "weekday": "Thursday",
          "tickets": 0
        },
        {
          "date": "2024-08-02",
          "weekday": "Friday",
          "tickets": 0
        },
        {
          "date": "2024-08-03",
          "weekday": "Saturday",
          "tickets": 26
        }
      ]
    },
    {
      "week_start": "2024-08-04",
      "week_end": "2024-08-10",
      "unit": "tickets",
      "days": [
        {
          "date": "2024-08-04",
          "weekday": "Sunday",
          "tickets": 0
        },
        {
          "date": "2024-08-05",
          "weekday": "Monday",
          "tickets": 0
        },
        {
          "date": "2024-08-06",
          "weekday": "Tuesday",
          "tickets": 0
        },
        {
          "date": "2024-08-07",
          "weekday": "Wednesday",
          "tickets": 0
        },
        {
          "date": "2024-08-08",
          "weekday": "Thursday",
          "tickets": 0
        },
        {
          "date": "2024-08-09",
          "weekday": "Friday",
          "tickets": 21
        },
        {
          "date": "2024-08-10",
          "weekday": "Saturday",
          "tickets": 0
        }
      ]
    },
    {
      "week_start": "2024-08-11",
      "week_end": "2024-08-17",
      "unit": "tickets",
      "days": [
        {
          "date": "2024-08-11",
          "weekday": "Sunday",
          "tickets": 0
        },
        {
          "date": "2024-08-12",
          "weekday": "Monday",
          "tickets": 0
        },
        {
          "date": "2024-08-13",
          "weekday": "Tuesday",
          "tickets": 123
        },
        {
          "date": "2024-08-14",
          "weekday": "Wednesday",
          "tickets": 83
        },
        {
          "date": "2024-08-15",
          "weekday": "Thursday",
          "tickets": 0
        },
        {
          "date": "2024-08-16",
          "weekday": "Friday",
          "tickets": 0
        },
        {
          "date": "2024-08-17",
          "weekday": "Saturday",
          "tickets": 0
        }
      ]
    },
    {
      "week_start": "2024-08-18",
      "week_end": "2024-08-24",
      "unit": "tickets",
      "days": [
        {
          "date": "2024-08-18",
          "weekday": "Sunday",
          "tickets": 0
        },
        {
          "date": "2024-08-19",
          "weekday": "Monday",
          "tickets": 0
        },
        {
          "date": "2024-08-20",
          "weekday": "Tuesday",
          "tickets": 0
        },
        {
          "date": "2024-08-21",
          "weekday": "Wednesday",
          "tickets": 0
        },
        {
          "date": "2024-08-22",
          "weekday": "Thursday",
          "tickets": 100
        },
        {
          "date": "2024-08-23",
          "weekday": "Friday",
          "tickets": 0
        },
        {
          "date": "2024-08-24",
          "weekday": "Saturday",
          "tickets": 0
        }
      ]
    },
    {
      "week_start": "2024-08-25",
      "week_end": "2024-08-31",
      "unit": "tickets",
      "days": [
        {
          "date": "2024-08-25",
          "weekday": "Sunday",
          "tickets": 0
        },
        {
          "date": "2024-08-26",
          "weekday": "Monday",
          "tickets": 0
        },
        {
          "date": "2024-08-27",
          "weekday": "Tuesday",
          "tickets": 0
        },
        {
          "date": "2024-08-28",
          "weekday": "Wednesday",
          "tickets": 0
        },
        {
          "date": "2024-08-29",
          "weekday": "Thursday",
          "tickets": 0
        },
        {
          "date": "2024-08-30",
          "weekday": "Friday",
          "tickets": 0
        },
        {
          "date": "2024-08-31",
          "weekday": "Saturday",
          "tickets": 0
        }
      ]
    },
    {
      "week_start": "2024-09-01",
      "week_end": "2024-09-07",
      "unit": "tickets",
      "days": [
        {
          "date": "2024-09-01",
          "weekday": "Sunday",
          "tickets": 55
        },
        {
          "date": "2024-09-02",
          "weekday": "Monday",
          "tickets": 0
        },
        {
          "date": "2024-09-03",
          "weekday": "Tuesday",
          "tickets": 0
        },
        {
          "date": "2024-09-04",
          "weekday": "Wednesday",
          "tickets": 0
        },
        {
          "date": "2024-09-05",
          "weekday": "Thursday",
          "tickets": 0
        },
        {
          "date": "2024-09-06",
          "weekday": "Friday",
          "tickets": 0
        },
        {
          "date": "2024-09-07",
          "weekday": "Saturday",
          "tickets": 100
        }
      ]
    },
    {
      "week_start": "2024-09-08",
      "week_end": "2024-09-14",
      "unit": "tickets",
      "days": [
        {
          "date": "2024-09-08",
          "weekday": "Sunday",
          "tickets": 0
        },
        {
          "date": "2024-09-09",
          "weekday": "Monday",
          "tickets": 0
        },
        {
          "date": "2024-09-10",
          "weekday": "Tuesday",
          "tickets": 0
        },
        {
          "date": "2024-09-11",
          "weekday": "Wednesday",
          "tickets": 0
        },
        {
          "date": "2024-09-12",
          "weekday": "Thursday",
          "tickets": 0
        },
        {
          "date": "2024-09-13",
          "weekday": "Friday",
          "tickets": 0
        },
        {
          "date": "2024-09-14",
          "weekday": "Saturday",
          "tickets": 0
        }
      ]
    },
    {
      "week_start": "2024-09-15",
      "week_end": "2024-09-21",
      "unit": "tickets",
      "days": [
        {
          "date": "2024-09-15",
          "weekday": "Sunday",
          "tickets": 0
        },
        {
          "date": "2024-09-16",
          "weekday": "Monday",
          "tickets": 0
        },
        {
          "date": "2024-09-17",
          "weekday": "Tuesday",
          "tickets": 0
        },
        {
          "date": "2024-09-18",
          "weekday": "Wednesday",
          "tickets": 0
        },
        {
          "date": "2024-09-19",
          "weekday": "Thursday",
          "tickets": 0
        },
        {
          "date": "2024-09-20",
          "weekday": "Friday",
          "tickets": 0
        },
        {
          "date": "2024-09-21",
          "weekday": "Saturday",
          "tickets": 0
        }
      ]
    },
    {
      "week_start": "2024-09-22",
      "week_end": "2024-09-28",
      "unit": "tickets",
      "days": [
        {
          "date": "2024-09-22",
          "weekday": "Sunday",
          "tickets": 0
        },
        {
          "date": "2024-09-23",
          "weekday": "Monday",
          "tickets": 0
        },
        {
          "date": "2024-09-24",
          "weekday": "Tuesday",
          "tickets": 0
        },
        {
          "date": "2024-09-25",
          "weekday": "Wednesday",
          "tickets": 0
        },
        {
          "date": "2024-09-26",
          "weekday": "Thursday",
          "tickets": 0
        },
        {
          "date": "2024-09-27",
          "weekday": "Friday",
          "tickets": 0
        },
        {
          "date": "2024-09-28",
          "weekday": "Saturday",
          "tickets": 0
        }
      ]
    },
    {
      "week_start": "2024-09-29",
      "week_end": "2024-10-05",
      "unit": "tickets",
      "days": [
        {
          "date": "2024-09-29",
          "weekday": "Sunday",
          "tickets": 0
        },
        {
          "date": "2024-09-30",
          "weekday": "Monday",
          "tickets": 0
        },
        {
          "date": "2024-10-01",
          "weekday": "Tuesday",
          "tickets": 0
        },
        {
          "date": "2024-10-02",
          "weekday": "Wednesday",
          "tickets": 0
        },
        {
          "date": "2024-10-03",
          "weekday": "Thursday",
          "tickets": 0
        },
        {
          "date": "2024-10-04",
          "weekday": "Friday",
          "tickets": 0
        },
        {
          "date": "2024-10-05",
          "weekday": "Saturday",
          "tickets": 35
        }
      ]
    },
    {
      "week_start": "2024-10-06",
      "week_end": "2024-10-12",
      "unit": "tickets",
      "days": [
        {
          "date": "2024-10-06",
          "weekday": "Sunday",
          "tickets": 0
        },
        {
          "date": "2024-10-07",
          "weekday": "Monday",
          "tickets": 0
        },
        {
          "date": "2024-10-08",
          "weekday": "Tuesday",
          "tickets": 0
        },
        {
          "date": "2024-10-09",
          "weekday": "Wednesday",
          "tickets": 0
        },
        {
          "date": "2024-10-10",
          "weekday": "Thursday",
          "tickets": 0
        },
        {
          "date": "2024-10-11",
          "weekday": "Friday",
          "tickets": 0
        },
        {
          "date": "2024-10-12",
          "weekday": "Saturday",
          "tickets": 0
        }
      ]
    },
    {
      "week_start": "2024-10-13",
      "week_end": "2024-10-19",
      "unit": "tickets",
      "days": [
        {
          "date": "2024-10-13",
          "weekday": "Sunday",
          "tickets": 0
        },
        {
          "date": "2024-10-14",
          "weekday": "Monday",
          "tickets": 0
        },
        {
          "date": "2024-10-15",
          "weekday": "Tuesday",
          "tickets": 0
        },
        {
          "date": "2024-10-16",
          "weekday": "Wednesday",
          "tickets": 83
        },
        {
          "date": "2024-10-17",
          "weekday": "Thursday",
          "tickets": 0
        },
        {
          "date": "2024-10-18",
          "weekday": "Friday",
          "tickets": 0
        },
        {
          "date": "2024-10-19",
          "weekday": "Saturday",
          "tickets": 0
        }
      ]
    },
    {
      "week_start": "2024-10-20",
      "week_end": "2024-10-26",
      "unit": "tickets",
      "days": [
        {
          "date": "2024-10-20",
          "weekday": "Sunday",
          "tickets": 0
        },
        {
          "date": "2024-10-21",
          "weekday": "Monday",
          "tickets": 0
        },
        {
          "date": "2024-10-22",
          "weekday": "Tuesday",
          "tickets": 0
        },
        {
          "date": "2024-10-23",
          "weekday": "Wednesday",
          "tickets": 0
        },
        {
          "date": "2024-10-24",
          "weekday": "Thursday",
          "tickets": 59
        },
        {
          "date": "2024-10-25",
          "weekday": "Friday",
          "tickets": 0
        },
        {
          "date": "2024-10-26",
          "weekday": "Saturday",
          "tickets": 0
        }
      ]
    },
    {
      "week_start": "2024-10-27",
      "week_end": "2024-11-02",
      "unit": "tickets",
      "days": [
        {
          "date": "2024-10-27",
          "weekday": "Sunday",
          "tickets": 0
        },
        {
          "date": "2024-10-28",
          "weekday": "Monday",
          "tickets": 0
        },
        {
          "date": "2024-10-29",
          "weekday": "Tuesday",
          "tickets": 0
        },
        {
          "date": "2024-10-30",
          "weekday": "Wednesday",
          "tickets": 0
        },
        {
          "date": "2024-10-31",
          "weekday": "Thursday",
          "tickets": 31
        },
        {
          "date": "2024-11-01",
          "weekday": "Friday",
          "tickets": 0
        },
        {
          "date": "2024-11-02",
          "weekday": "Saturday",
          "tickets": 0
        }
      ]
    },
    {
      "week_start": "2024-11-03",
      "week_end": "2024-11-09",
      "unit": "tickets",
      "days": [
        {
          "date": "2024-11-03",
          "weekday": "Sunday",
          "tickets": 0
        },
        {
          "date": "2024-11-04",
          "weekday": "Monday",
          "tickets": 0
        },
        {
          "date": "2024-11-05",
          "weekday": "Tuesday",
          "tickets": 0
        },
        {
          "date": "2024-11-06",
          "weekday": "Wednesday",
          "tickets": 0
        },
        {
          "date": "2024-11-07",
          "weekday": "Thursday",
          "tickets": 0
        },
        {
          "date": "2024-11-08",
          "weekday": "Friday",
          "tickets": 0
        },
        {
          "date": "2024-11-09",
          "weekday": "Saturday",
          "tickets": 65
        }
      ]
    },
    {
      "week_start": "2024-11-10",
      "week_end": "2024-11-16",
      "unit": "tickets",
      "days": [
        {
          "date": "2024-11-10",
          "weekday": "Sunday",
          "tickets": 0
        },
        {
          "date": "2024-11-11",
          "weekday": "Monday",
          "tickets": 0
        },
        {
          "date": "2024-11-12",
          "weekday": "Tuesday",
          "tickets": 0
        },
        {
          "date": "2024-11-13",
          "weekday": "Wednesday",
          "tickets": 106
        },
        {
          "date": "2024-11-14",
          "weekday": "Thursday",
          "tickets": 0
        },
        {
          "date": "2024-11-15",
          "weekday": "Friday",
          "tickets": 157
        },
        {
          "date": "2024-11-16",
          "weekday": "Saturday",
          "tickets": 0
        }
      ]
    },
    {
      "week_start": "2024-11-17",
      "week_end": "2024-11-23",
      "unit": "tickets",
      "days": [
        {
          "date": "2024-11-17",
          "weekday": "Sunday",
          "tickets": 48
        },
        {
          "date": "2024-11-18",
          "weekday": "Monday",
          "tickets": 0
        },
        {
          "date": "2024-11-19",
          "weekday": "Tuesday",
          "tickets": 0
        },
        {
          "date": "2024-11-20",
          "weekday": "Wednesday",
          "tickets": 0
        },
        {
          "date": "2024-11-21",
          "weekday": "Thursday",
          "tickets": 0
        },
        {
          "date": "2024-11-22",
          "weekday": "Friday",
          "tickets": 0
        },
        {
          "date": "2024-11-23",
          "weekday": "Saturday",
          "tickets": 0
        }
      ]
    },
    {
      "week_start": "2024-11-24",
      "week_end": "2024-11-30",
      "unit": "tickets",
      "days": [
        {
          "date": "2024-11-24",
          "weekday": "Sunday",
          "tickets": 0
        },
        {
          "date": "2024-11-25",
          "weekday": "Monday",
          "tickets": 0
        },
        {
          "date": "2024-11-26",
          "weekday": "Tuesday",
          "tickets": 0
        },
        {
          "date": "2024-11-27",
          "weekday": "Wednesday",
          "tickets": 0
        },
        {
          "date": "2024-11-28",
          "weekday": "Thursday",
          "tickets": 0
        },
        {
          "date": "2024-11-29",
          "weekday": "Friday",
          "tickets": 0
        },
        {
          "date": "2024-11-30",
          "weekday": "Saturday",
          "tickets": 0
        }
      ]
    },
    {
      "week_start": "2024-12-01",
      "week_end": "2024-12-07",
      "unit": "tickets",
      "days": [
        {
          "date": "2024-12-01",
          "weekday": "Sunday",
          "tickets": 0
        },
        {
          "date": "2024-12-02",
          "weekday": "Monday",
          "tickets": 0
        },
        {
          "date": "2024-12-03",
          "weekday": "Tuesday",
          "tickets": 0
        },
        {
          "date": "2024-12-04",
          "weekday": "Wednesday",
          "tickets": 0
        },
        {
          "date": "2024-12-05",
          "weekday": "Thursday",
          "tickets": 0
        },
        {
          "date": "2024-12-06",
          "weekday": "Friday",
          "tickets": 99
        },
        {
          "date": "2024-12-07",
          "weekday": "Saturday",
          "tickets": 0
        }
      ]
    },
    {
      "week_start": "2024-12-08",
      "week_end": "2024-12-14",
      "unit": "tickets",
      "days": [
        {
          "date": "2024-12-08",
          "weekday": "Sunday",
          "tickets": 0
        },
        {
          "date": "2024-12-09",
          "weekday": "Monday",
          "tickets": 0
        },
        {
          "date": "2024-12-10",
          "weekday": "Tuesday",
          "tickets": 0
        },
        {
          "date": "2024-12-11",
          "weekday": "Wednesday",
          "tickets": 0
        },
        {
          "date": "2024-12-12",
          "weekday": "Thursday",
          "tickets": 22
        },
        {
          "date": "2024-12-13",
          "weekday": "Friday",
          "tickets": 0
        },
        {
          "date": "2024-12-14",
          "weekday": "Saturday",
          "tickets": 0
        }
      ]
    },
    {
      "week_start": "2024-12-15",
      "week_end": "2024-12-21",
      "unit": "tickets",
      "days": [
        {
          "date": "2024-12-15",
          "weekday": "Sunday",
          "tickets": 0
        },
        {
          "date": "2024-12-16",
          "weekday": "Monday",
          "tickets": 0
        },
        {
          "date": "2024-12-17",
          "weekday": "Tuesday",
          "tickets": 0
        },
        {
          "date": "2024-12-18",
          "weekday": "Wednesday",
          "tickets": 0
        },
        {
          "date": "2024-12-19",
          "weekday": "Thursday",
          "tickets": 0
        },
        {
          "date": "2024-12-20",
          "weekday": "Friday",
          "tickets": 0
        },
        {
          "date": "2024-12-21",
          "weekday": "Saturday",
          "tickets": 0
        }
      ]
    },
    {
      "week_start": "2024-12-22",
      "week_end": "2024-12-28",
      "unit": "tickets",
      "days": [
        {
          "date": "2024-12-22",
          "weekday": "Sunday",
          "tickets": 57
        },
        {
          "date": "2024-12-23",
          "weekday": "Monday",
          "tickets": 0
        },
        {
          "date": "2024-12-24",
          "weekday": "Tuesday",
          "tickets": 0
        },
        {
          "date": "2024-12-25",
          "weekday": "Wednesday",
          "tickets": 55
        },
        {
          "date": "2024-12-26",
          "weekday": "Thursday",
          "tickets": 0
        },
        {
          "date": "2024-12-27",
          "weekday": "Friday",
          "tickets": 0
        },
        {
          "date": "2024-12-28",
          "weekday": "Saturday",
          "tickets": 0
        }
      ]
    },
    {
      "week_start": "2024-12-29",
      "week_end": "2025-01-04",
      "unit": "tickets",
      "days": [
        {
          "date": "2024-12-29",
          "weekday": "Sunday",
          "tickets": 0
        },
        {
          "date": "2024-12-30",
          "weekday": "Monday",
          "tickets": 0
        },
        {
          "date": "2024-12-31",
          "weekday": "Tuesday",
          "tickets": 0
        },
        {
          "date": "2025-01-01",
          "weekday": "Wednesday",
          "tickets": 0
        },
        {
          "date": "2025-01-02",
          "weekday": "Thursday",
          "tickets": 0
        },
        {
          "date": "2025-01-03",
          "weekday": "Friday",
          "tickets": 0
        },
        {
          "date": "2025-01-04",
          "weekday": "Saturday",
          "tickets": 0
        }
      ]
    },
    {
      "week_start": "2025-01-05",
      "week_end": "2025-01-11",
      "unit": "tickets",
      "days": [
        {
          "date": "2025-01-05",
          "weekday": "Sunday",
          "tickets": 0
        },
        {
          "date": "2025-01-06",
          "weekday": "Monday",
          "tickets": 0
        },
        {
          "date": "2025-01-07",
          "weekday": "Tuesday",
          "tickets": 0
        },
        {
          "date": "2025-01-08",
          "weekday": "Wednesday",
          "tickets": 0
        },
        {
          "date": "2025-01-09",
          "weekday": "Thursday",
          "tickets": 0
        },
        {
          "date": "2025-01-10",
          "weekday": "Friday",
          "tickets": 0
        },
        {
          "date": "2025-01-11",
          "weekday": "Saturday",
          "tickets": 0
        }
      ]
    },
    {
      "week_start": "2025-01-12",
      "week_end": "2025-01-18",
      "unit": "tickets",
      "days": [
        {
          "date": "2025-01-12",
          "weekday": "Sunday",
          "tickets": 0
        },
        {
          "date": "2025-01-13",
          "weekday": "Monday",
          "tickets": 44
        },
        {
          "date": "2025-01-14",
          "weekday": "Tuesday",
          "tickets": 0
        },
        {
          "date": "2025-01-15",
          "weekday": "Wednesday",
          "tickets": 0
        },
        {
          "date": "2025-01-16",
          "weekday": "Thursday",
          "tickets": 34
        },
        {
          "date": "2025-01-17",
          "weekday": "Friday",
          "tickets": 0
        },
        {
          "date": "2025-01-18",
          "weekday": "Saturday",
          "tickets": 0
        }
      ]
    },
    {
      "week_start": "2025-01-19",
      "week_end": "2025-01-25",
      "unit": "tickets",
      "days": [
        {
          "date": "2025-01-19",
          "weekday": "Sunday",
          "tickets": 27
        },
        {
          "date": "2025-01-20",
          "weekday": "Monday",
          "tickets": 33
        },
        {
          "date": "2025-01-21",
          "weekday": "Tuesday",
          "tickets": 0
        },
        {
          "date": "2025-01-22",
          "weekday": "Wednesday",
          "tickets": 0
        },
        {
          "date": "2025-01-23",
          "weekday": "Thursday",
          "tickets": 0
        },
        {
          "date": "2025-01-24",
          "weekday": "Friday",
          "tickets": 0
        },
        {
          "date": "2025-01-25",
          "weekday": "Saturday",
          "tickets": 0
        }
      ]
    },
    {
      "week_start": "2025-01-26",
      "week_end": "2025-02-01",
      "unit": "tickets",
      "days": [
        {
          "date": "2025-01-26",
          "weekday": "Sunday",
          "tickets": 0
        },
        {
          "date": "2025-01-27",
          "weekday": "Monday",
          "tickets": 0
        },
        {
          "date": "2025-01-28",
          "weekday": "Tuesday",
          "tickets": 0
        },
        {
          "date": "2025-01-29",
          "weekday": "Wednesday",
          "tickets": 22
        },
        {
          "date": "2025-01-30",
          "weekday": "Thursday",
          "tickets": 0
        },
        {
          "date": "2025-01-31",
          "weekday": "Friday",
          "tickets": 66
        },
        {
          "date": "2025-02-01",
          "weekday": "Saturday",
          "tickets": 0
        }
      ]
    },
    {
      "week_start": "2025-02-02",
      "week_end": "2025-02-08",
      "unit": "tickets",
      "days": [
        {
          "date": "2025-02-02",
          "weekday": "Sunday",
          "tickets": 0
        },
        {
          "date": "2025-02-03",
          "weekday": "Monday",
          "tickets": 0
        },
        {
          "date": "2025-02-04",
          "weekday": "Tuesday",
          "tickets": 0
        },
        {
          "date": "2025-02-05",
          "weekday": "Wednesday",
          "tickets": 0
        },
        {
          "date": "2025-02-06",
          "weekday": "Thursday",
          "tickets": 0
        },
        {
          "date": "2025-02-07",
          "weekday": "Friday",
          "tickets": 0
        },
        {
          "date": "2025-02-08",
          "weekday": "Saturday",
          "tickets": 0
        }
      ]
    },
    {
      "week_start": "2025-02-09",
      "week_end": "2025-02-15",
      "unit": "tickets",
      "days": [
        {
          "date": "2025-02-09",
          "weekday": "Sunday",
          "tickets": 0
        },
        {
          "date": "2025-02-10",
          "weekday": "Monday",
          "tickets": 80
        },
        {
          "date": "2025-02-11",
          "weekday": "Tuesday",
          "tickets": 0
        },
        {
          "date": "2025-02-12",
          "weekday": "Wednesday",
          "tickets": 0
        },
        {
          "date": "2025-02-13",
          "weekday": "Thursday",
          "tickets": 0
        },
        {
          "date": "2025-02-14",
          "weekday": "Friday",
          "tickets": 93
        },
        {
          "date": "2025-02-15",
          "weekday": "Saturday",
          "tickets": 0
        }
      ]
    },
    {
      "week_start": "2025-02-16",
      "week_end": "2025-02-22",
      "unit": "tickets",
      "days": [
        {
          "date": "2025-02-16",
          "weekday": "Sunday",
          "tickets": 0
        },
        {
          "date": "2025-02-17",
          "weekday": "Monday",
          "tickets": 0
        },
        {
          "date": "2025-02-18",
          "weekday": "Tuesday",
          "tickets": 0
        },
        {
          "date": "2025-02-19",
          "weekday": "Wednesday",
          "tickets": 0
        },
        {
          "date": "2025-02-20",
          "weekday": "Thursday",
          "tickets": 0
        },
        {
          "date": "2025-02-21",
          "weekday": "Friday",
          "tickets": 95
        },
        {
          "date": "2025-02-22",
          "weekday": "Saturday",
          "tickets": 0
        }
      ]
    },
    {
      "week_start": "2025-02-23",
      "week_end": "2025-03-01",
      "unit": "tickets",
      "days": [
        {
          "date": "2025-02-23",
          "weekday": "Sunday",
          "tickets": 0
        },
        {
          "date": "2025-02-24",
          "weekday": "Monday",
          "tickets": 0
        },
        {
          "date": "2025-02-25",
          "weekday": "Tuesday",
          "tickets": 0
        },
        {
          "date": "2025-02-26",
          "weekday": "Wednesday",
          "tickets": 0
        },
        {
          "date": "2025-02-27",
          "weekday": "Thursday",
          "tickets": 0
        },
        {
          "date": "2025-02-28",
          "weekday": "Friday",
          "tickets": 57
        },
        {
          "date": "2025-03-01",
          "weekday": "Saturday",
          "tickets": 0
        }
      ]
    },
    {
      "week_start": "2025-03-02",
      "week_end": "2025-03-08",
      "unit": "tickets",
      "days": [
        {
          "date": "2025-03-02",
          "weekday": "Sunday",
          "tickets": 0
        },
        {
          "date": "2025-03-03",
          "weekday": "Monday",
          "tickets": 99
        },
        {
          "date": "2025-03-04",
          "weekday": "Tuesday",
          "tickets": 0
        },
        {
          "date": "2025-03-05",
          "weekday": "Wednesday",
          "tickets": 0
        },
        {
          "date": "2025-03-06",
          "weekday": "Thursday",
          "tickets": 105
        },
        {
          "date": "2025-03-07",
          "weekday": "Friday",
          "tickets": 0
        },
        {
          "date": "2025-03-08",
          "weekday": "Saturday",
          "tickets": 0
        }
      ]
    },
    {
      "week_start": "2025-03-09",
      "week_end": "2025-03-15",
      "unit": "tickets",
      "days": [
        {
          "date": "2025-03-09",
          "weekday": "Sunday",
          "tickets": 0
        },
        {
          "date": "2025-03-10",
          "weekday": "Monday",
          "tickets": 0
        },
        {
          "date": "2025-03-11",
          "weekday": "Tuesday",
          "tickets": 0
        },
        {
          "date": "2025-03-12",
          "weekday": "Wednesday",
          "tickets": 0
        },
        {
          "date": "2025-03-13",
          "weekday": "Thursday",
          "tickets": 103
        },
        {
          "date": "2025-03-14",
          "weekday": "Friday",
          "tickets": 0
        },
        {
          "date": "2025-03-15",
          "weekday": "Saturday",
          "tickets": 0
        }
      ]
    },
    {
      "week_start": "2025-03-16",
      "week_end": "2025-03-22",
      "unit": "tickets",
      "days": [
        {
          "date": "2025-03-16",
          "weekday": "Sunday",
          "tickets": 20
        },
        {
          "date": "2025-03-17",
          "weekday": "Monday",
          "tickets": 0
        },
        {
          "date": "2025-03-18",
          "weekday": "Tuesday",
          "tickets": 0
        },
        {
          "date": "2025-03-19",
          "weekday": "Wednesday",
          "tickets": 0
        },
        {
          "date": "2025-03-20",
          "weekday": "Thursday",
          "tickets": 0
        },
        {
          "date": "2025-03-21",
          "weekday": "Friday",
          "tickets": 0
        },
        {
          "date": "2025-03-22",
          "weekday": "Saturday",
          "tickets": 0
        }
      ]
    },
    {
      "week_start": "2025-03-23",
      "week_end": "2025-03-29",
      "unit": "tickets",
      "days": [
        {
          "date": "2025-03-23",
          "weekday": "Sunday",
          "tickets": 0
        },
        {
          "date": "2025-03-24",
          "weekday": "Monday",
          "tickets": 0
        },
        {
          "date": "2025-03-25",
          "weekday": "Tuesday",
          "tickets": 0
        },
        {
          "date": "2025-03-26",
          "weekday": "Wednesday",
          "tickets": 0
        },
        {
          "date": "2025-03-27",
          "weekday": "Thursday",
          "tickets": 0
        },
        {
          "date": "2025-03-28",
          "weekday": "Friday",
          "tickets": 0
        },
        {
          "date": "2025-03-29",
          "weekday": "Saturday",
          "tickets": 0
        }
      ]
    },
    {
      "week_start": "2025-03-30",
      "week_end": "2025-04-05",
      "unit": "tickets",
      "days": [
        {
          "date": "2025-03-30",
          "weekday": "Sunday",
          "tickets": 73
        },
        {
          "date": "2025-03-31",
          "weekday": "Monday",
          "tickets": 53
        },
        {
          "date": "2025-04-01",
          "weekday": "Tuesday",
          "tickets": 0
        },
        {
          "date": "2025-04-02",
          "weekday": "Wednesday",
          "tickets": 0
        },
        {
          "date": "2025-04-03",
          "weekday": "Thursday",
          "tickets": 56
        },
        {
          "date": "2025-04-04",
          "weekday": "Friday",
          "tickets": 0
        },
        {
          "date": "2025-04-05",
          "weekday": "Saturday",
          "tickets": 0
        }
      ]
    },
    {
      "week_start": "2025-04-06",
      "week_end": "2025-04-12",
      "unit": "tickets",
      "days": [
        {
          "date": "2025-04-06",
          "weekday": "Sunday",
          "tickets": 0
        },
        {
          "date": "2025-04-07",
          "weekday": "Monday",
          "tickets": 0
        },
        {
          "date": "2025-04-08",
          "weekday": "Tuesday",
          "tickets": 0
        },
        {
          "date": "2025-04-09",
          "weekday": "Wednesday",
          "tickets": 40
        },
        {
          "date": "2025-04-10",
          "weekday": "Thursday",
          "tickets": 0
        },
        {
          "date": "2025-04-11",
          "weekday": "Friday",
          "tickets": 84
        },
        {
          "date": "2025-04-12",
          "weekday": "Saturday",
          "tickets": 0
        }
      ]
    },
    {
      "week_start": "2025-04-13",
      "week_end": "2025-04-19",
      "unit": "tickets",
      "days": [
        {
          "date": "2025-04-13",
          "weekday": "Sunday",
          "tickets": 64
        },
        {
          "date": "2025-04-14",
          "weekday": "Monday",
          "tickets": 0
        },
        {
          "date": "2025-04-15",
          "weekday": "Tuesday",
          "tickets": 0
        },
        {
          "date": "2025-04-16",
          "weekday": "Wednesday",
          "tickets": 0
        },
        {
          "date": "2025-04-17",
          "weekday": "Thursday",
          "tickets": 0
        },
        {
          "date": "2025-04-18",
          "weekday": "Friday",
          "tickets": 126
        },
        {
          "date": "2025-04-19",
          "weekday": "Saturday",
          "tickets": 68
        }
      ]
    },
    {
      "week_start": "2025-04-20",
      "week_end": "2025-04-26",
      "unit": "tickets",
      "days": [
        {
          "date": "2025-04-20",
          "weekday": "Sunday",
          "tickets": 0
        },
        {
          "date": "2025-04-21",
          "weekday": "Monday",
          "tickets": 129
        },
        {
          "date": "2025-04-22",
          "weekday": "Tuesday",
          "tickets": 0
        },
        {
          "date": "2025-04-23",
          "weekday": "Wednesday",
          "tickets": 0
        },
        {
          "date": "2025-04-24",
          "weekday": "Thursday",
          "tickets": 45
        },
        {
          "date": "2025-04-25",
          "weekday": "Friday",
          "tickets": 26
        },
        {
          "date": "2025-04-26",
          "weekday": "Saturday",
          "tickets": 75
        }
      ]
    },
    {
      "week_start": "2025-04-27",
      "week_end": "2025-05-03",
      "unit": "tickets",
      "days": [
        {
          "date": "2025-04-27",
          "weekday": "Sunday",
          "tickets": 47
        },
        {
          "date": "2025-04-28",
          "weekday": "Monday",
          "tickets": 0
        },
        {
          "date": "2025-04-29",
          "weekday": "Tuesday",
          "tickets": 0
        },
        {
          "date": "2025-04-30",
          "weekday": "Wednesday",
          "tickets": 0
        },
        {
          "date": "2025-05-01",
          "weekday": "Thursday",
          "tickets": 0
        },
        {
          "date": "2025-05-02",
          "weekday": "Friday",
          "tickets": 0
        },
        {
          "date": "2025-05-03",
          "weekday": "Saturday",
          "tickets": 56
        }
      ]
    },
    {
      "week_start": "2025-05-04",
      "week_end": "2025-05-10",
      "unit": "tickets",
      "days": [
        {
          "date": "2025-05-04",
          "weekday": "Sunday",
          "tickets": 0
        },
        {
          "date": "2025-05-05",
          "weekday": "Monday",
          "tickets": 0
        },
        {
          "date": "2025-05-06",
          "weekday": "Tuesday",
          "tickets": 0
        },
        {
          "date": "2025-05-07",
          "weekday": "Wednesday",
          "tickets": 0
        },
        {
          "date": "2025-05-08",
          "weekday": "Thursday",
          "tickets": 0
        },
        {
          "date": "2025-05-09",
          "weekday": "Friday",
          "tickets": 0
        },
        {
          "date": "2025-05-10",
          "weekday": "Saturday",
          "tickets": 0
        }
      ]
    },
    {
      "week_start": "2025-05-11",
      "week_end": "2025-05-17",
      "unit": "tickets",
      "days": [
        {
          "date": "2025-05-11",
          "weekday": "Sunday",
          "tickets": 0
        },
        {
          "date": "2025-05-12",
          "weekday": "Monday",
          "tickets": 0
        },
        {
          "date": "2025-05-13",
          "weekday": "Tuesday",
          "tickets": 0
        },
        {
          "date": "2025-05-14",
          "weekday": "Wednesday",
          "tickets": 0
        },
        {
          "date": "2025-05-15",
          "weekday": "Thursday",
          "tickets": 102
        },
        {
          "date": "2025-05-16",
          "weekday": "Friday",
          "tickets": 0
        },
        {
          "date": "2025-05-17",
          "weekday": "Saturday",
          "tickets": 0
        }
      ]
    },
    {
      "week_start": "2025-05-18",
      "week_end": "2025-05-24",
      "unit": "tickets",
      "days": [
        {
          "date": "2025-05-18",
          "weekday": "Sunday",
          "tickets": 0
        },
        {
          "date": "2025-05-19",
          "weekday": "Monday",
          "tickets": 100
        },
        {
          "date": "2025-05-20",
          "weekday": "Tuesday",
          "tickets": 0
        },
        {
          "date": "2025-05-21",
          "weekday": "Wednesday",
          "tickets": 0
        },
        {
          "date": "2025-05-22",
          "weekday": "Thursday",
          "tickets": 0
        },
        {
          "date": "2025-05-23",
          "weekday": "Friday",
          "tickets": 0
        },
        {
          "date": "2025-05-24",
          "weekday": "Saturday",
          "tickets": 0
        }
      ]
    },
    {
      "week_start": "2025-05-25",
      "week_end": "2025-05-31",
      "unit": "tickets",
      "days": [
        {
          "date": "2025-05-25",
          "weekday": "Sunday",
          "tickets": 0
        },
        {
          "date": "2025-05-26",
          "weekday": "Monday",
          "tickets": 52
        },
        {
          "date": "2025-05-27",
          "weekday": "Tuesday",
          "tickets": 0
        },
        {
          "date": "2025-05-28",
          "weekday": "Wednesday",
          "tickets": 0
        },
        {
          "date": "2025-05-29",
          "weekday": "Thursday",
          "tickets": 0
        },
        {
          "date": "2025-05-30",
          "weekday": "Friday",
          "tickets": 0
        },
        {
          "date": "2025-05-31",
          "weekday": "Saturday",
          "tickets": 41
        }
      ]
    },
    {
      "week_start": "2025-06-01",
      "week_end": "2025-06-07",
      "unit": "tickets",
      "days": [
        {
          "date": "2025-06-01",
          "weekday": "Sunday",
          "tickets": 0
        },
        {
          "date": "2025-06-02",
          "weekday": "Monday",
          "tickets": 0
        },
        {
          "date": "2025-06-03",
          "weekday": "Tuesday",
          "tickets": 0
        },
        {
          "date": "2025-06-04",
          "weekday": "Wednesday",
          "tickets": 0
        },
        {
          "date": "2025-06-05",
          "weekday": "Thursday",
          "tickets": 34
        },
        {
          "date": "2025-06-06",
          "weekday": "Friday",
          "tickets": 0
        },
        {
          "date": "2025-06-07",
          "weekday": "Saturday",
          "tickets": 0
        }
      ]
    },
    {
      "week_start": "2025-06-08",
      "week_end": "2025-06-14",
      "unit": "tickets",
      "days": [
        {
          "date": "2025-06-08",
          "weekday": "Sunday",
          "tickets": 94
        },
        {
          "date": "2025-06-09",
          "weekday": "Monday",
          "tickets": 27
        },
        {
          "date": "2025-06-10",
          "weekday": "Tuesday",
          "tickets": 81
        },
        {
          "date": "2025-06-11",
          "weekday": "Wednesday",
          "tickets": 0
        },
        {
          "date": "2025-06-12",
          "weekday": "Thursday",
          "tickets": 0
        },
        {
          "date": "2025-06-13",
          "weekday": "Friday",
          "tickets": 0
        },
        {
          "date": "2025-06-14",
          "weekday": "Saturday",
          "tickets": 0
        }
      ]
    },
    {
      "week_start": "2025-06-15",
      "week_end": "2025-06-21",
      "unit": "tickets",
      "days": [
        {
          "date": "2025-06-15",
          "weekday": "Sunday",
          "tickets": 102
        },
        {
          "date": "2025-06-16",
          "weekday": "Monday",
          "tickets": 0
        },
        {
          "date": "2025-06-17",
          "weekday": "Tuesday",
          "tickets": 0
        },
        {
          "date": "2025-06-18",
          "weekday": "Wednesday",
          "tickets": 0
        },
        {
          "date": "2025-06-19",
          "weekday": "Thursday",
          "tickets": 0
        },
        {
          "date": "2025-06-20",
          "weekday": "Friday",
          "tickets": 0
        },
        {
          "date": "2025-06-21",
          "weekday": "Saturday",
          "tickets": 68
        }
      ]
    },
    {
      "week_start": "2025-06-22",
      "week_end": "2025-06-28",
      "unit": "tickets",
      "days": [
        {
          "date": "2025-06-22",
          "weekday": "Sunday",
          "tickets": 0
        },
        {
          "date": "2025-06-23",
          "weekday": "Monday",
          "tickets": 0
        },
        {
          "date": "2025-06-24",
          "weekday": "Tuesday",
          "tickets": 0
        },
        {
          "date": "2025-06-25",
          "weekday": "Wednesday",
          "tickets": 0
        },
        {
          "date": "2025-06-26",
          "weekday": "Thursday",
          "tickets": 157
        },
        {
          "date": "2025-06-27",
          "weekday": "Friday",
          "tickets": 0
        },
        {
          "date": "2025-06-28",
          "weekday": "Saturday",
          "tickets": 0
        }
      ]
    },
    {
      "week_start": "2025-06-29",
      "week_end": "2025-07-05",
      "unit": "tickets",
      "days": [
        {
          "date": "2025-06-29",
          "weekday": "Sunday",
          "tickets": 0
        },
        {
          "date": "2025-06-30",
          "weekday": "Monday",
          "tickets": 0
        },
        {
          "date": "2025-07-01",
          "weekday": "Tuesday",
          "tickets": 0
        },
        {
          "date": "2025-07-02",
          "weekday": "Wednesday",
          "tickets": 50
        },
        {
          "date": "2025-07-03",
          "weekday": "Thursday",
          "tickets": 0
        },
        {
          "date": "2025-07-04",
          "weekday": "Friday",
          "tickets": 0
        },
        {
          "date": "2025-07-05",
          "weekday": "Saturday",
          "tickets": 0
        }
      ]
    },
    {
      "week_start": "2025-07-06",
      "week_end": "2025-07-12",
      "unit": "tickets",
      "days": [
        {
          "date": "2025-07-06",
          "weekday": "Sunday",
          "tickets": 0
        },
        {
          "date": "2025-07-07",
          "weekday": "Monday",
          "tickets": 0
        },
        {
          "date": "2025-07-08",
          "weekday": "Tuesday",
          "tickets": 0
        },
        {
          "date": "2025-07-09",
          "weekday": "Wednesday",
          "tickets": 0
        },
        {
          "date": "2025-07-10",
          "weekday": "Thursday",
          "tickets": 0
        },
        {
          "date": "2025-07-11",
          "weekday": "Friday",
          "tickets": 97
        },
        {
          "date": "2025-07-12",
          "weekday": "Saturday",
          "tickets": 0
        }
      ]
    },
    {
      "week_start": "2025-07-13",
      "week_end": "2025-07-19",
      "unit": "tickets",
      "days": [
        {
          "date": "2025-07-13",
          "weekday": "Sunday",
          "tickets": 0
        },
        {
          "date": "2025-07-14",
          "weekday": "Monday",
          "tickets": 0
        },
        {
          "date": "2025-07-15",
          "weekday": "Tuesday",
          "tickets": 0
        },
        {
          "date": "2025-07-16",
          "weekday": "Wednesday",
          "tickets": 0
        },
        {
          "date": "2025-07-17",
          "weekday": "Thursday",
          "tickets": 0
        },
        {
          "date": "2025-07-18",
          "weekday": "Friday",
          "tickets": 0
        },
        {
          "date": "2025-07-19",
          "weekday": "Saturday",
          "tickets": 0
        }
      ]
    },
    {
      "week_start": "2025-07-20",
      "week_end": "2025-07-26",
      "unit": "tickets",
      "days": [
        {
          "date": "2025-07-20",
          "weekday": "Sunday",
          "tickets": 15
        },
        {
          "date": "2025-07-21",
          "weekday": "Monday",
          "tickets": 77
        },
        {
          "date": "2025-07-22",
          "weekday": "Tuesday",
          "tickets": 0
        },
        {
          "date": "2025-07-23",
          "weekday": "Wednesday",
          "tickets": 0
        },
        {
          "date": "2025-07-24",
          "weekday": "Thursday",
          "tickets": 53
        },
        {
          "date": "2025-07-25",
          "weekday": "Friday",
          "tickets": 107
        },
        {
          "date": "2025-07-26",
          "weekday": "Saturday",
          "tickets": 64
        }
      ]
    },
    {
      "week_start": "2025-07-27",
      "week_end": "2025-08-02",
      "unit": "tickets",
      "days": [
        {
          "date": "2025-07-27",
          "weekday": "Sunday",
          "tickets": 40
        },
        {
          "date": "2025-07-28",
          "weekday": "Monday",
          "tickets": 0
        },
        {
          "date": "2025-07-29",
          "weekday": "Tuesday",
          "tickets": 0
        },
        {
          "date": "2025-07-30",
          "weekday": "Wednesday",
          "tickets": 0
        },
        {
          "date": "2025-07-31",
          "weekday": "Thursday",
          "tickets": 0
        },
        {
          "date": "2025-08-01",
          "weekday": "Friday",
          "tickets": 0
        },
        {
          "date": "2025-08-02",
          "weekday": "Saturday",
          "tickets": 0
        }
      ]
    },
    {
      "week_start": "2025-08-03",
      "week_end": "2025-08-09",
      "unit": "tickets",
      "days": [
        {
          "date": "2025-08-03",
          "weekday": "Sunday",
          "tickets": 107
        },
        {
          "date": "2025-08-04",
          "weekday": "Monday",
          "tickets": 0
        },
        {
          "date": "2025-08-05",
          "weekday": "Tuesday",
          "tickets": 46
        },
        {
          "date": "2025-08-06",
          "weekday": "Wednesday",
          "tickets": 0
        },
        {
          "date": "2025-08-07",
          "weekday": "Thursday",
          "tickets": 26
        },
        {
          "date": "2025-08-08",
          "weekday": "Friday",
          "tickets": 0
        },
        {
          "date": "2025-08-09",
          "weekday": "Saturday",
          "tickets": 0
        }
      ]
    },
    {
      "week_start": "2025-08-10",
      "week_end": "2025-08-16",
      "unit": "tickets",
      "days": [
        {
          "date": "2025-08-10",
          "weekday": "Sunday",
          "tickets": 59
        },
        {
          "date": "2025-08-11",
          "weekday": "Monday",
          "tickets": 90
        },
        {
          "date": "2025-08-12",
          "weekday": "Tuesday",
          "tickets": 0
        },
        {
          "date": "2025-08-13",
          "weekday": "Wednesday",
          "tickets": 151
        },
        {
          "date": "2025-08-14",
          "weekday": "Thursday",
          "tickets": 81
        },
        {
          "date": "2025-08-15",
          "weekday": "Friday",
          "tickets": 0
        },
        {
          "date": "2025-08-16",
          "weekday": "Saturday",
          "tickets": 0
        }
      ]
    },
    {
      "week_start": "2025-08-17",
      "week_end": "2025-08-23",
      "unit": "tickets",
      "days": [
        {
          "date": "2025-08-17",
          "weekday": "Sunday",
          "tickets": 0
        },
        {
          "date": "2025-08-18",
          "weekday": "Monday",
          "tickets": 26
        },
        {
          "date": "2025-08-19",
          "weekday": "Tuesday",
          "tickets": 0
        },
        {
          "date": "2025-08-20",
          "weekday": "Wednesday",
          "tickets": 0
        },
        {
          "date": "2025-08-21",
          "weekday": "Thursday",
          "tickets": 0
        },
        {
          "date": "2025-08-22",
          "weekday": "Friday",
          "tickets": 0
        },
        {
          "date": "2025-08-23",
          "weekday": "Saturday",
          "tickets": 0
        }
      ]
    },
    {
      "week_start": "2025-08-24",
      "week_end": "2025-08-30",
      "unit": "tickets",
      "days": [
        {
          "date": "2025-08-24",
          "weekday": "Sunday",
          "tickets": 0
        },
        {
          "date": "2025-08-25",
          "weekday": "Monday",
          "tickets": 0
        },
        {
          "date": "2025-08-26",
          "weekday": "Tuesday",
          "tickets": 0
        },
        {
          "date": "2025-08-27",
          "weekday": "Wednesday",
          "tickets": 99
        },
        {
          "date": "2025-08-28",
          "weekday": "Thursday",
          "tickets": 0
        },
        {
          "date": "2025-08-29",
          "weekday": "Friday",
          "tickets": 0
        },
        {
          "date": "2025-08-30",
          "weekday": "Saturday",
          "tickets": 0
        }
      ]
    },
    {
      "week_start": "2025-08-31",
      "week_end": "2025-09-06",
      "unit": "tickets",
      "days": [
        {
          "date": "2025-08-31",
          "weekday": "Sunday",
          "tickets": 0
        },
        {
          "date": "2025-09-01",
          "weekday": "Monday",
          "tickets": 0
        },
        {
          "date": "2025-09-02",
          "weekday": "Tuesday",
          "tickets": 0
        },
        {
          "date": "2025-09-03",
          "weekday": "Wednesday",
          "tickets": 0
        },
        {
          "date": "2025-09-04",
          "weekday": "Thursday",
          "tickets": 0
        },
        {
          "date": "2025-09-05",
          "weekday": "Friday",
          "tickets": 0
        },
        {
          "date": "2025-09-06",
          "weekday": "Saturday",
          "tickets": 0
        }
      ]
    },
    {
      "week_start": "2025-09-07",
      "week_end": "2025-09-13",
      "unit": "tickets",
      "days": [
        {
          "date": "2025-09-07",
          "weekday": "Sunday",
          "tickets": 0
        },
        {
          "date": "2025-09-08",
          "weekday": "Monday",
          "tickets": 0
        },
        {
          "date": "2025-09-09",
          "weekday": "Tuesday",
          "tickets": 0
        },
        {
          "date": "2025-09-10",
          "weekday": "Wednesday",
          "tickets": 0
        },
        {
          "date": "2025-09-11",
          "weekday": "Thursday",
          "tickets": 0
        },
        {
          "date": "2025-09-12",
          "weekday": "Friday",
          "tickets": 136
        },
        {
          "date": "2025-09-13",
          "weekday": "Saturday",
          "tickets": 21
        }
      ]
    },
    {
      "week_start": "2025-09-14",
      "week_end": "2025-09-20",
      "unit": "tickets",
      "days": [
        {
          "date": "2025-09-14",
          "weekday": "Sunday",
          "tickets": 62
        },
        {
          "date": "2025-09-15",
          "weekday": "Monday",
          "tickets": 0
        },
        {
          "date": "2025-09-16",
          "weekday": "Tuesday",
          "tickets": 0
        },
        {
          "date": "2025-09-17",
          "weekday": "Wednesday",
          "tickets": 77
        },
        {
          "date": "2025-09-18",
          "weekday": "Thursday",
          "tickets": 0
        },
        {
          "date": "2025-09-19",
          "weekday": "Friday",
          "tickets": 0
        },
        {
          "date": "2025-09-20",
          "weekday": "Saturday",
          "tickets": 33
        }
      ]
    },
    {
      "week_start": "2025-09-21",
      "week_end": "2025-09-27",
      "unit": "tickets",
      "days": [
        {
          "date": "2025-09-21",
          "weekday": "Sunday",
          "tickets": 0
        },
        {
          "date": "2025-09-22",
          "weekday": "Monday",
          "tickets": 0
        },
        {
          "date": "2025-09-23",
          "weekday": "Tuesday",
          "tickets": 20
        },
        {
          "date": "2025-09-24",
          "weekday": "Wednesday",
          "tickets": 28
        },
        {
          "date": "2025-09-25",
          "weekday": "Thursday",
          "tickets": 0
        },
        {
          "date": "2025-09-26",
          "weekday": "Friday",
          "tickets": 0
        },
        {
          "date": "2025-09-27",
          "weekday": "Saturday",
          "tickets": 0
        }
      ]
    },
    {
      "week_start": "2025-09-28",
      "week_end": "2025-10-04",
      "unit": "tickets",
      "days": [
        {
          "date": "2025-09-28",
          "weekday": "Sunday",
          "tickets": 98
        },
        {
          "date": "2025-09-29",
          "weekday": "Monday",
          "tickets": 101
        },
        {
          "date": "2025-09-30",
          "weekday": "Tuesday",
          "tickets": 0
        },
        {
          "date": "2025-10-01",
          "weekday": "Wednesday",
          "tickets": 0
        },
        {
          "date": "2025-10-02",
          "weekday": "Thursday",
          "tickets": 0
        },
        {
          "date": "2025-10-03",
          "weekday": "Friday",
          "tickets": 0
        },
        {
          "date": "2025-10-04",
          "weekday": "Saturday",
          "tickets": 0
        }
      ]
    },
    {
      "week_start": "2025-10-05",
      "week_end": "2025-10-11",
      "unit": "tickets",
      "days": [
        {
          "date": "2025-10-05",
          "weekday": "Sunday",
          "tickets": 0
        },
        {
          "date": "2025-10-06",
          "weekday": "Monday",
          "tickets": 21
        },
        {
          "date": "2025-10-07",
          "weekday": "Tuesday",
          "tickets": 0
        },
        {
          "date": "2025-10-08",
          "weekday": "Wednesday",
          "tickets": 0
        },
        {
          "date": "2025-10-09",
          "weekday": "Thursday",
          "tickets": 0
        },
        {
          "date": "2025-10-10",
          "weekday": "Friday",
          "tickets": 55
        },
        {
          "date": "2025-10-11",
          "weekday": "Saturday",
          "tickets": 0
        }
      ]
    },
    {
      "week_start": "2025-10-12",
      "week_end": "2025-10-18",
      "unit": "tickets",
      "days": [
        {
          "date": "2025-10-12",
          "weekday": "Sunday",
          "tickets": 44
        },
        {
          "date": "2025-10-13",
          "weekday": "Monday",
          "tickets": 0
        },
        {
          "date": "2025-10-14",
          "weekday": "Tuesday",
          "tickets": 0
        },
        {
          "date": "2025-10-15",
          "weekday": "Wednesday",
          "tickets": 0
        },
        {
          "date": "2025-10-16",
          "weekday": "Thursday",
          "tickets": 0
        },
        {
          "date": "2025-10-17",
          "weekday": "Friday",
          "tickets": 0
        },
        {
          "date": "2025-10-18",
          "weekday": "Saturday",
          "tickets": 0
        }
      ]
    },
    {
      "week_start": "2025-10-19",
      "week_end": "2025-10-25",
      "unit": "tickets",
      "days": [
        {
          "date": "2025-10-19",
          "weekday": "Sunday",
          "tickets": 0
        },
        {
          "date": "2025-10-20",
          "weekday": "Monday",
          "tickets": 0
        },
        {
          "date": "2025-10-21",
          "weekday": "Tuesday",
          "tickets": 0
        },
        {
          "date": "2025-10-22",
          "weekday": "Wednesday",
          "tickets": 114
        },
        {
          "date": "2025-10-23",
          "weekday": "Thursday",
          "tickets": 0
        },
        {
          "date": "2025-10-24",
          "weekday": "Friday",
          "tickets": 42
        },
        {
          "date": "2025-10-25",
          "weekday": "Saturday",
          "tickets": 103
        }
      ]
    },
    {
      "week_start": "2025-10-26",
      "week_end": "2025-11-01",
      "unit": "tickets",
      "days": [
        {
          "date": "2025-10-26",
          "weekday": "Sunday",
          "tickets": 0
        },
        {
          "date": "2025-10-27",
          "weekday": "Monday",
          "tickets": 101
        },
        {
          "date": "2025-10-28",
          "weekday": "Tuesday",
          "tickets": 177
        },
        {
          "date": "2025-10-29",
          "weekday": "Wednesday",
          "tickets": 185
        },
        {
          "date": "2025-10-30",
          "weekday": "Thursday",
          "tickets": 400
        },
        {
          "date": "2025-10-31",
          "weekday": "Friday",
          "tickets": 206
        },
        {
          "date": "2025-11-01",
          "weekday": "Saturday",
          "tickets": 139
        }
      ]
    },
    {
      "week_start": "2025-11-02",
      "week_end": "2025-11-08",
      "unit": "tickets",
      "days": [
        {
          "date": "2025-11-02",
          "weekday": "Sunday",
          "tickets": 361
        },
        {
          "date": "2025-11-03",
          "weekday": "Monday",
          "tickets": 345
        },
        {
          "date": "2025-11-04",
          "weekday": "Tuesday",
          "tickets": 118
        },
        {
          "date": "2025-11-05",
          "weekday": "Wednesday",
          "tickets": 331
        },
        {
          "date": "2025-11-06",
          "weekday": "Thursday",
          "tickets": 250
        },
        {
          "date": "2025-11-07",
          "weekday": "Friday",
          "tickets": 188
        },
        {
          "date": "2025-11-08",
          "weekday": "Saturday",
          "tickets": 295
        }
      ]
    },
    {
      "week_start": "2025-11-09",
      "week_end": "2025-11-15",
      "unit": "tickets",
      "days": [
        {
          "date": "2025-11-09",
          "weekday": "Sunday",
          "tickets": 167
        },
        {
          "date": "2025-11-10",
          "weekday": "Monday",
          "tickets": 0
        },
        {
          "date": "2025-11-11",
          "weekday": "Tuesday",
          "tickets": 0
        },
        {
          "date": "2025-11-12",
          "weekday": "Wednesday",
          "tickets": 0
        },
        {
          "date": "2025-11-13",
          "weekday": "Thursday",
          "tickets": 0
        },
        {
          "date": "2025-11-14",
          "weekday": "Friday",
          "tickets": 0
        },
        {
          "date": "2025-11-15",
          "weekday": "Saturday",
          "tickets": 0
        }
      ]
    }
  ]
}